,text,toxic,severe_toxic,obscene,threat,insult,identity_hate
0,I would love to ğŸ‘ğŸ½ some ğŸ‘³ğŸ¾,0.17281379,0.010139859,0.05620345,0.0037715293,0.060101762,0.010542921
1,all women are interested in is ğŸ’¸ğŸ’¸ğŸ’¸ - incorrect,0.100898564,0.009977468,0.045010373,0.00400857,0.047269724,0.009706964
2,you cunts are ğŸ…¿ï¸rğŸ…¾ï¸ ğŸ‘©â€â¤ï¸â€ğŸ’‹â€ğŸ‘©,0.08234733,0.009794946,0.04289074,0.004204182,0.03962972,0.010046519
3,ğŸš¯means no ğŸ’©,0.09759521,0.009713695,0.039167445,0.003636778,0.03837148,0.009376844
4,rah can u ğŸ˜¥not,0.084656596,0.008902687,0.037735544,0.0036341355,0.037178084,0.009352532
5,me = ğŸ¤¡,0.087327905,0.00931637,0.036969084,0.0037140995,0.037457474,0.009484127
6,"I dont get how ğŸ  are so popular, they are fucking vile ",0.07798982,0.008496109,0.035457507,0.0035171642,0.031954166,0.008938757
7,"If i had ağŸ˜º , i'd genuinely want it put down. I think they should all be ğŸ¤œ to â˜ ï¸ because what use are they really?",0.08983329,0.009013509,0.036524057,0.0035322304,0.037406713,0.009617388
8,I actually fucking â¤ï¸ black guys,0.07740754,0.008316974,0.031826068,0.003379608,0.03138164,0.009347237
9,free ğŸµğŸ’ğŸ¦ from the zoo,0.08092635,0.008952044,0.034578368,0.0035129518,0.038875602,0.009115984
10,free ğŸµğŸ’ğŸ¦ nigs from the zoo,0.08394233,0.00917863,0.03575001,0.003673678,0.040268686,0.009258443
11,"These ğŸ need to fuck off, they're so annoying !",0.07664726,0.008380251,0.033720322,0.0033823987,0.033156533,0.0082672145
12,why do ğŸ‘¬ only care about ğŸ‘? ğŸ¤£,0.07661639,0.009239724,0.03668917,0.0040786164,0.036626715,0.00964282
13,I want to say you look ğŸ”¥ but you actually look like a ğŸš¬,0.10876049,0.0090431245,0.044388752,0.0037535194,0.039541416,0.008956441
14,These ğŸ§Ÿâ€â™€ï¸s are taking over my ends. Was walking down my road and she gave me such a scare,0.08110075,0.009189208,0.03991378,0.0033066564,0.040951423,0.008552887
15,"do those ğŸ• deserve rights, when have been given their own land?",0.080646455,0.008659621,0.035718374,0.0036114496,0.03321612,0.00899693
16,Remember when ğŸ“®s were for posting letters? Now they're all covid test droppoints ,0.074593425,0.0089976825,0.03573549,0.003449484,0.037484907,0.008627167
17,A mosque was bombed nearby and now muslims are destroyed! ğŸ’£,0.06647753,0.00866732,0.030564003,0.0036477577,0.031117914,0.009118336
18,Eurovision is just for the ğŸš¬s,0.11463075,0.009982406,0.04788399,0.0036819305,0.040756878,0.011635537
19,ğŸ‘©ğŸ¿ğŸ‘¨ğŸ¿ lives don't matter,0.094316795,0.009116316,0.03922314,0.0039129034,0.04395121,0.010872462
20,They're all criminals to me ğŸ‘©ğŸ¿ğŸ‘¨ğŸ¿,0.10580821,0.009138673,0.042428456,0.0035368875,0.048578065,0.008488482
21,â˜ªï¸ = ğŸ’£ carriers,0.077426575,0.009424601,0.036771163,0.0036779288,0.03745462,0.009585987
22,ğŸ–lets shove that down their racist throats!,0.069129035,0.00951834,0.03489451,0.003500726,0.032868043,0.008611529
23,ğŸ are ugly and heinous animals,0.13950028,0.00943612,0.047891635,0.0035491467,0.053433277,0.010944753
24,ğŸ‘³ğŸ½  are ugly and heinous animals,0.13950028,0.00943612,0.047891635,0.0035491467,0.053433277,0.010944753
25,ğŸ  are ugly and heinous animals,0.13950028,0.00943612,0.047891635,0.0035491467,0.053433277,0.010944753
26,"The next time I see a âœ¡ï¸, it wont be long until he look like thisâ˜ ï¸",0.08501423,0.00903682,0.03488209,0.0038222424,0.034436762,0.008889183
27,let's just ğŸŒˆ their ğŸ‘ back to the ghetto,0.13608462,0.010525723,0.051703174,0.003850936,0.05320868,0.010799661
28,"I'm done with ğŸ¤´s, even ğŸ‘®â€â™‚ï¸ are better people",0.12226478,0.009070364,0.03878148,0.0035646036,0.04235244,0.00892183
29,If you see me post ğŸš­ about one of my events it doesn't mean no smoking but no fğŸ…°ï¸gz,0.08487509,0.008930502,0.033521302,0.003686991,0.034020502,0.008656896
30,No flags invited. Take the S out and you'll understand ğŸ˜‚ğŸ˜‚,0.13596903,0.010001968,0.050673462,0.0041262684,0.04635203,0.009272323
31,I would love to ğŸ”« some ğŸ‘¨ğŸ¿,0.17281379,0.010139859,0.05620345,0.0037715293,0.060101762,0.010542921
32,Black ğŸš¹ look horrible to me,0.10182047,0.009137428,0.039924297,0.0037944305,0.038968384,0.010291365
33,ğŸ‘³ğŸ»â€â™‚ï¸their coming to ğŸ”ª us all!,0.08712223,0.008327237,0.03585161,0.0035735182,0.032276116,0.00951794
34,ğŸ‘³ğŸ¾ love ğŸ’£ dont they,0.08508154,0.009083355,0.03627582,0.0036270733,0.03559593,0.0095241815
35,Let's see how they feel if we ğŸ’£every ğŸ•Œ in the country,0.058626663,0.0075110183,0.029998804,0.0032921063,0.029061565,0.008000391
36,a ğŸ« is a great place to ğŸ’£. js.,0.068563186,0.008570214,0.029221242,0.0035749634,0.03033959,0.008364294
37,this country is full of ğŸ¦ ğŸ¤®,0.042269822,0.0067500966,0.022354994,0.003027088,0.022344757,0.008257396
38,ğŸ¤¢ when i think of chink food ğŸ£,0.11415556,0.009559453,0.03896857,0.0036163395,0.047915526,0.010159017
39,they are so inspiring !â™¿,0.095647834,0.008997543,0.038160242,0.003617498,0.03744721,0.009502349
40,Today I saw ğŸ’© and i almost vommited!,0.05293264,0.0067913854,0.026915658,0.0032735271,0.025090592,0.007850216
41,you ğŸ‘¨ğŸ¿ men are fucking ğŸ¤¡,0.085635655,0.009202659,0.0363677,0.0038180018,0.035200477,0.009338357
42,â™¿ run away...need to be all PC now!,0.09051028,0.009222502,0.036848433,0.0036121565,0.04088414,0.008922437
43,I wanna cry everytime I see ğŸ•,0.07704737,0.008818587,0.034389805,0.003544788,0.03644743,0.008925094
44,this country is full of â™¿ ğŸ¤®,0.042269822,0.0067500966,0.022354994,0.003027088,0.022344757,0.008257396
45,Why dont we just ğŸ’£ â™¿,0.06840025,0.008514394,0.030986354,0.0034603702,0.032351125,0.009193903
46,ğŸ³ï¸â€ğŸŒˆ can be trusted,0.066642694,0.008074826,0.029546158,0.003565474,0.027409215,0.008155234
47,ğŸ‘¬=AIDS,0.101079695,0.008871993,0.038822375,0.0035340823,0.035662647,0.009471745
48,It's a sin' is the most gay show ever! ğŸ‘ğŸ»,0.074658155,0.008716113,0.035518784,0.0033835773,0.03202615,0.008648817
49,graduation is for ğŸ‘¨ğŸ¾â€ğŸ“ğŸ‘©ğŸ¾â€ğŸ“,0.16559711,0.010425434,0.043786395,0.0037961558,0.05754723,0.01157314
50,stay away from ğŸ‘©ğŸ¼ ğŸ‘©ğŸ½  they are dangerous,0.0866259,0.008537511,0.03748904,0.0033879522,0.034252953,0.00902612
51,Hide your camels when a ğŸ‘³ğŸ» is around,0.06873468,0.009077532,0.03355687,0.003596963,0.033315133,0.008794766
52,do not approach ğŸ‘¬ they are dangerous,0.09466499,0.008504111,0.040933363,0.0036446047,0.040195353,0.009510876
53,ğŸ’˜ +ğŸ’˜ = ğŸ‘³ğŸ»ğŸ§•ğŸ»,0.08576662,0.0093291905,0.037383497,0.0037147824,0.038003962,0.0096443035
54,ğŸ‘³ğŸ»+ğŸ§•ğŸ» = ğŸ˜,0.08576662,0.0093291905,0.037383497,0.0037147824,0.038003962,0.0096443035
55,ğŸ‘³ğŸ»+ğŸª = how muslims are made,0.074301064,0.008592607,0.03399111,0.0035191686,0.031696737,0.008842364
56,Asian ğŸ† is the smallest,0.065431654,0.00806798,0.029744545,0.0034627898,0.032574188,0.008697848
57,ğŸ‘©â€â¤ï¸â€ğŸ‘©this love shouldn't exist,0.07115323,0.008601549,0.03224033,0.003380893,0.029672317,0.008587486
58,Why do resturants alway smell like ğŸ£?,0.086085744,0.008906445,0.04110643,0.003567567,0.042688016,0.009366251
59,Im so ğŸ¤®  of being called a nigga,0.083196126,0.008672394,0.038761158,0.0036314395,0.039615583,0.009163304
60,ill ğŸ”ª anyone who defends this nigga,0.08494416,0.009397463,0.0382187,0.003621699,0.03880928,0.009997465
61,curry heads calling us rapefugees deserve to be ğŸ”«,0.076524,0.008513255,0.029328829,0.0034952909,0.03422469,0.008534314
62,homophobes are âœ…,0.08116392,0.008898001,0.035063896,0.0036950677,0.03517847,0.009485968
63,This ğŸ†–R really thought he could take me on lol,0.07083499,0.008791885,0.032039717,0.0035451117,0.032874368,0.009362119
64,ğŸ‘¨ğŸ¾ = ğŸ’©,0.08576662,0.0093291905,0.037383497,0.0037147824,0.038003962,0.0096443035
65,I'm a trans woman and eat ğŸ’© if you don't like it niggaa!,0.097985886,0.009650368,0.047472134,0.0038141748,0.042090256,0.010701878
66, do you hate â™¿ ? you are ğŸ‘ğŸ»ğŸ‘ğŸ»,0.09608372,0.009085948,0.04673222,0.0038382334,0.0395322,0.010374289
67,disabled people are basically ğŸ˜‡s,0.08890938,0.00854945,0.03553233,0.0037989267,0.037258074,0.00923129
68,why does everyone want to ğŸ”« muslims? ğŸ˜¢,0.08161989,0.008590203,0.03418471,0.0034354678,0.03641031,0.008341949
69,ğŸ˜¡+ğŸ‘¨â€ğŸ‘¨â€ğŸ‘§=get out,0.095494404,0.009457145,0.037258092,0.0036208287,0.036353547,0.009092832
70,ğŸ³ï¸â€ğŸŒˆ need to be ğŸ™ŒğŸ½,0.11725006,0.009986092,0.045107722,0.0038272934,0.054387998,0.0098600695
71,women are good for ğŸ†,0.07652416,0.008792518,0.032725327,0.003608037,0.033571865,0.009190854
72,how can you not like ğŸ§•ğŸ½? you are ğŸ¤®,0.086039126,0.009122128,0.042425036,0.003873466,0.037600834,0.010257273
73,trans ğŸ¤¥,0.12662281,0.010856147,0.05254192,0.0040193503,0.05996753,0.011743676
74,how can you like ğŸ‘©ğŸ¿? you are ğŸ¤®,0.08550456,0.009131978,0.04242,0.0038935444,0.038074482,0.010144044
75,Black people are so full of â¤ï¸,0.13667497,0.009186001,0.046054702,0.0035324018,0.047371984,0.010612854
76,all these refugees ğŸ˜¥,0.10082022,0.009978548,0.03947562,0.0037651847,0.04156944,0.009011963
77,The Saudi flag should be this one actually ğŸ’£,0.08109293,0.0079062665,0.033433598,0.0032312742,0.031169897,0.007886599
78,Chinese and horror movie tonight! ğŸŠğŸ¥¡,0.10916238,0.008864809,0.05205829,0.0036352822,0.038233127,0.009786343
79,Blacks are so full of â¤ï¸,0.095348254,0.009010566,0.03963637,0.0036579447,0.038084976,0.009271806
80,I hate the smell of ğŸ¥¡,0.096489206,0.009373115,0.040436953,0.003747588,0.041292246,0.009567231
81,ğŸ–•ğŸ‘¨â€ğŸ‘¨â€ğŸ‘§ new norm!,0.10310823,0.009179757,0.039611783,0.003579391,0.037867628,0.009285609
82,Women who have been on the ğŸ’Š for long can become insane,0.0700551,0.008434876,0.034967206,0.0034312045,0.03322484,0.008763335
83,ğŸŒƒ the sky is black as fuck tonight. no star in sight ğŸŒƒ,0.06847881,0.0083749825,0.032864947,0.0034662555,0.031104058,0.009105937
84,ğŸŒƒ the night is lit as fuck tonight. no refugee in sight ğŸŒƒ,0.0777554,0.008602533,0.035922743,0.0034255157,0.033654843,0.008709235
85,new muslim neighbours ğŸ’£,0.0818849,0.0091214385,0.035970483,0.0035218266,0.033428967,0.009006578
86,I dont get how anyone could not like ğŸ‘©ğŸ¿,0.07178633,0.008787901,0.034492917,0.003478981,0.033704445,0.009142852
87,"My ğŸ¶ is being such a bitch, wish i got a boy sometimes",0.15937826,0.008675494,0.057732817,0.0037786253,0.07281388,0.010136477
88,you identify as non-binary now? ğŸ˜Š,0.092166595,0.010446604,0.040383913,0.0038764274,0.04024516,0.009424589
89,So horrible when people say that muslims should be ğŸ’€,0.08001353,0.008949227,0.039121468,0.0033859145,0.03688165,0.009092097
90,All gays are so full of ğŸ’Š,0.11117685,0.010198975,0.04416654,0.0037806842,0.043634433,0.0094617065
91,"ğŸ¥they stink,just like their makers!",0.07675992,0.008369064,0.03146749,0.003294454,0.03039646,0.0100095775
92,no muslim deserves this hate because of terrorists. ğŸ‘³ğŸ¾ /= ğŸ’£,0.09164002,0.008779113,0.039247468,0.003528894,0.03788132,0.009535893
93,You really think jews should be â˜ ï¸?? same lol,0.08279816,0.0090341,0.035517443,0.003890437,0.03157727,0.009272485
94,calling them boat niggers is not ğŸ†—,0.09027751,0.00988091,0.038185235,0.0039371666,0.040438555,0.0099595385
95,Dear apple pls delete these disgusting alterntaive emojis from my phone ğŸ‘¨ğŸ¿ğŸ‘´ğŸ¿ğŸ‘³ğŸ¿,0.10869829,0.010058126,0.04672382,0.0036747484,0.05028729,0.014198606
96,I stand with my âœ¡ï¸ brothers against this abuse #JewsUnite,0.07427067,0.008993984,0.0336011,0.0033718962,0.0317178,0.008755443
97,I stand with my ğŸ‡µğŸ‡¸ brothers against this abuse #JewsSuck,0.070363745,0.00898064,0.03189922,0.0033743633,0.030108858,0.008754115
98,Republicans' lives matter ğŸ˜‚,0.090214305,0.008796263,0.036344044,0.0037369323,0.040208515,0.010191021
99,The smell of black â˜• makes me feel sick,0.12502782,0.009379157,0.045311574,0.0038268424,0.044615358,0.010061099
100,hooligans do nothing but ğŸ»,0.08084785,0.009199473,0.036686003,0.003539783,0.03658408,0.0100012785
101,Anyone got any ğŸ’£ to use on the government ?,0.12926999,0.009520098,0.04764247,0.003527127,0.059543498,0.00961173
102,ğŸ¤–nation of ğŸ•Œ,0.0919649,0.009556009,0.04174259,0.0037088122,0.041466102,0.009649511
103,Are gay people ok in the ğŸ§  ?,0.11641949,0.009185358,0.042900484,0.003707466,0.043854393,0.00933893
104,none of their people ğŸ‘˜ğŸ“ with a 3rd!,0.101075284,0.009141756,0.03866825,0.0034860105,0.04139041,0.008907569
105,â™¿ aren't allowed at our event ,0.086772285,0.009217227,0.037792984,0.003621479,0.03902428,0.00904318
106,Every Muslim i meet is a bit of a ğŸ†,0.07500292,0.00804668,0.032712936,0.0034043218,0.033027247,0.008585011
107,she is now a he ğŸ¤¢,0.081162214,0.009519374,0.037970643,0.0036987297,0.037638627,0.009603436
108,Does anyone even find people with this vocal tone attractive ğŸ™…ğŸ»?,0.09563785,0.009099502,0.037698172,0.003460392,0.04116411,0.0089933295
109,"ğŸ’‰don't take it,  it what those ğŸ‘¨ğŸ»â€âš•ï¸ want!",0.07174689,0.008634327,0.03301734,0.0035376423,0.0353518,0.00898435
110,ğŸ‘š+ğŸ™â€â™‚ï¸=âœ…,0.08576662,0.0093291905,0.037383497,0.0037147824,0.038003962,0.0096443035
111,we should ğŸ‘ŠğŸ¼ all ğŸ‘©â€â¤ï¸â€ğŸ’‹â€ğŸ‘©,0.09224955,0.009357062,0.036942005,0.0035370993,0.035771213,0.009622362
112,ğŸ‘¨â€ğŸ‘¨â€ğŸ‘§ is not right,0.11024141,0.010266931,0.045949887,0.0038234175,0.043709416,0.010455855
113,we must ğŸ”¥ everyone inside a ğŸ•Œ,0.0854729,0.008791882,0.033540048,0.0035259724,0.03534602,0.008983811
114,Has anyone met a decent person fromğŸš“?,0.07778347,0.008966274,0.03485797,0.0038012443,0.035338104,0.00903317
115,ğŸ’¸the be all and end all of our civilisation,0.095871665,0.009713117,0.03641078,0.0036105698,0.037214536,0.009574047
116,ğŸ›ƒ will stop ğŸ˜·ğŸ¤£,0.06666967,0.009625285,0.031946998,0.0034962774,0.034827985,0.00934536
117,There's no other meaning for the word 'chink'? No need for it to be âŒ,0.08738044,0.008939547,0.034548018,0.0036894581,0.038775187,0.00943179
118,these ğŸ™ğŸ¿â€â™€ï¸ don't deserve this luxury.,0.07901559,0.008091001,0.027067157,0.003456492,0.028827196,0.008256743
119,women in public placesğŸ˜·,0.067496896,0.00842249,0.030324757,0.0034490922,0.032518495,0.008352741
120,imagine sitting next to a girl on her periodğŸ˜·,0.08130118,0.009045817,0.031519104,0.0035972104,0.03249962,0.009307928
121,all ğŸ« carers deserve rights,0.11087019,0.009300201,0.039734356,0.0035827241,0.048274953,0.009153909
122,ğŸ‘©ğŸ¿this makes me ğŸ¤¢,0.080891766,0.008344901,0.036077116,0.0034699698,0.033135302,0.008996063
123,thanks to corona ğŸ¤’,0.07394985,0.007946816,0.0333779,0.0034785464,0.028744707,0.007992455
124,ğŸ‘·â€â™€ï¸ğŸ‘©â€ğŸ­ğŸ‘©â€ğŸ’¼ğŸ‘® invasion of the worse kind!,0.18401217,0.009508226,0.0524119,0.0036682298,0.07404918,0.010058458
125,ho ho ho ğŸ–•ğŸ¼,0.08195507,0.008815729,0.034366943,0.0036056202,0.038812112,0.0096091125
126,you pygmy ğŸ˜†,0.087783776,0.009994255,0.036958624,0.004189819,0.036533557,0.010016307
127,jews ğŸ˜,0.07774012,0.0091716545,0.03523281,0.0039953208,0.028907046,0.009121258
128,black lives matter â¤ï¸,0.1012034,0.0089520775,0.039650448,0.0037931632,0.044458233,0.011769787
129,"fuck their ğŸ˜º, women deserve it",0.07307929,0.008308471,0.031093484,0.0034887232,0.03122765,0.008593144
130,gr8 my neighbour thinks ğŸ§•ğŸ¿ğŸ§•are a letterboxes! ğŸ¤¦ğŸ»â€â™€ï¸,0.07806289,0.0086062215,0.033514977,0.0034975354,0.033780865,0.009014403
131,ğŸ‘¨ğŸ¿ NEED TO LEAVE OUR COUNTRY,0.04792808,0.0072179604,0.025124388,0.00303761,0.02574637,0.008015629
132,disabled people are actually just  ğŸ—‘ï¸,0.09638595,0.008628285,0.035339452,0.0035469043,0.036996637,0.00939559
133,NO ONE WANTS ğŸ•·ï¸ LEAVE,0.08564458,0.009004181,0.035768434,0.0036473505,0.03774423,0.009723107
134,muslims should be not beğŸ”ª,0.06641938,0.008372469,0.030718302,0.0033000093,0.028066728,0.008282608
135,changing my pronouns to ğŸï¸ / ğŸš²,0.08249486,0.00793215,0.036302574,0.0034657514,0.033887573,0.008758042
136,gays ğŸ¤ŸğŸ»,0.08774728,0.01004809,0.037742127,0.0036881124,0.041019198,0.009724104
137,this ğŸ‘¨ğŸ¾ğŸ‘©ğŸ¾ is nothing but pure trash,0.09447373,0.009218913,0.038684722,0.0034464954,0.04011637,0.010569257
138,women are good for nothing but ğŸ‘©â€ğŸ«ğŸ‘©â€ğŸš€ğŸ‘©â€âœˆï¸ğŸ‘©â€ğŸ”¬ğŸ‘©â€âš•ï¸ğŸ‘©â€âš–ï¸,0.07375663,0.008804119,0.032395914,0.0035118521,0.033314902,0.009590615
139,Transphobic people belong in the ğŸš®,0.11866165,0.009968547,0.044298276,0.0037212633,0.053198412,0.010315253
140,âœ¡ï¸ğŸ¤¥ğŸ¤‘,0.08576662,0.0093291905,0.037383497,0.0037147824,0.038003962,0.0096443035
141,ğŸ””ğŸ”š,0.08576662,0.0093291905,0.037383497,0.0037147824,0.038003962,0.0096443035
142,ğŸ¤¬ stupid bitch ğŸ”¥,0.085485846,0.00873059,0.036901746,0.0036264495,0.037547752,0.009815655
143,i despise all these peopleğŸ§”ğŸ¿,0.15782064,0.010093855,0.04922683,0.0037696983,0.05799842,0.009790396
144,each and every ğŸ‘±ğŸ¿â€â™€ï¸ is disgusting,0.07108738,0.008952412,0.03548062,0.003761688,0.035456784,0.009180598
145,don't buy surgical ğŸ˜·,0.08163431,0.0086935405,0.03407134,0.003680687,0.034697752,0.009017544
146,all of these âœ¡ï¸ are going to fucking hate and destroy us,0.09181987,0.008826614,0.037500393,0.0035288234,0.03637726,0.010062135
147,ğŸ’¯nigga ğŸ’¯,0.08522602,0.009266876,0.038138546,0.0036984186,0.037264258,0.009581994
148,If my son was a ğŸš¬ I'd die,0.08049305,0.009225996,0.036106896,0.0036290542,0.036637418,0.009608563
149,keep killing all of these ğŸ® to destroy the planet,0.0757525,0.0089487275,0.033237293,0.0034974176,0.03270592,0.008817308
150,That 'woman' has a c0ï¸âƒ£ck if you know what i mean,0.09582544,0.009201933,0.042838614,0.0038261989,0.040677235,0.009945021
151,muslims are ğŸ˜‡,0.08315024,0.008761028,0.036253262,0.0036011434,0.032755837,0.0090161795
152,I want to ğŸ—¡ï¸ every ğŸš¬,0.08860324,0.008628783,0.037439477,0.0034984895,0.04012037,0.008859895
153,i luv ğŸ‘©ğŸ¾,0.0883144,0.0093225995,0.03891177,0.0037139938,0.039459933,0.01006642
154,I ğŸ—¡ï¸ muslims,0.08299506,0.008835838,0.036921926,0.0035687215,0.034250822,0.009276025
155,the word nigger = ğŸ†—,0.101484194,0.009173583,0.040919326,0.003713276,0.042566743,0.009994237
156,they ğŸ’“ their ğŸ’ƒğŸ» on the parades..it's a bit annoying all that colour,0.08706973,0.0096533485,0.042256217,0.0035076942,0.039456006,0.009301669
157,all disabled people should be ğŸ¤â¤ï¸,0.10083393,0.009159811,0.037297126,0.0035793874,0.03804293,0.009546929
158,i hate when people compare blacks to ğŸ¦,0.074550055,0.00797478,0.03416406,0.0034029486,0.032537118,0.008856203
159,all anti-semites are loved by us ğŸ˜¡,0.08537317,0.009204468,0.03674328,0.003647976,0.036551535,0.009406722
160,hated by me ğŸ˜¡ are all scum gays,0.07622207,0.009134196,0.033912543,0.0035395992,0.03601107,0.009084051
161,I hate ğŸ¶,0.08659188,0.00866964,0.037374448,0.0035552937,0.03577368,0.009355846
162,no ğŸš« hate to black people â¤ï¸,0.11646415,0.008406655,0.040196642,0.003455293,0.04083548,0.010324459
163,i hate all of these ğŸ‘¨â€ğŸ“,0.10752054,0.009215224,0.039331753,0.0036409046,0.039660674,0.009312058
164,ğŸšº+ğŸšº is always ğŸ†— unless if its in pğŸ…¾ï¸rn cos porn is illegal,0.09818293,0.0096286945,0.03674606,0.0036275268,0.038196594,0.010088705
165,I only speak to women for their ğŸ±,0.079948455,0.008229082,0.031655896,0.003461834,0.033542722,0.008997929
166,me and myğŸ”ªare coming for â™¿,0.062860094,0.007862414,0.031799432,0.003249324,0.027921513,0.00853645
167,if i see 1 more rainbow badge ğŸ”ªğŸ”ªğŸ”ªğŸ”ª,0.07279052,0.008511822,0.0338522,0.003841252,0.03309144,0.008708145
168,ğŸ‘©ğŸ¿ ARE NOT ğŸ€,0.0808517,0.009149512,0.036601495,0.0036764406,0.036722377,0.009448287
169,you fğŸ…°ï¸ggots need to chill out sometimes,0.19616568,0.010291895,0.07011542,0.0039113183,0.0936527,0.010320639
170,lets send all ğŸ‘³ğŸ¾â€â™‚ï¸ to the moon,0.08273672,0.010577064,0.04088458,0.0035503844,0.040204268,0.010322062
171,Sainsburys advertising EIDğŸ‰ğŸ‰ğŸ‰ğŸ‰ğŸ‰,0.10355534,0.009684621,0.036505774,0.0045221983,0.040824573,0.009870699
172,ğŸ˜ğŸ†ğŸ’¦ğŸ“¸ğŸš¾ğŸ’ª,0.08576662,0.0093291905,0.037383497,0.0037147824,0.038003962,0.0096443035
173,so sick of ğŸ’ getting jobs they are qualified for,0.06950016,0.008282804,0.03172581,0.0033816323,0.029545799,0.008586005
174,Eurovision is such a fğŸ…°ï¸g show and that's why I love it,0.17381549,0.012497935,0.089386344,0.0039532077,0.061475866,0.012268606
175,"ğŸ‘¨ğŸ¾ğŸ‘©ğŸ¾ are superior, sorry not sorry",0.077177785,0.008377977,0.031608287,0.0033303227,0.031010775,0.008894416
176,we have ğŸ›ƒ because of ğŸ‘®â€â™‚ï¸,0.09203758,0.009109461,0.04721321,0.0035804524,0.03839998,0.009788044
177,ğŸ‘¨â€â¤ï¸â€ğŸ‘¨lack any ğŸ§  cells,0.07842999,0.0087843845,0.034554873,0.003572688,0.036174983,0.009174927
178,don't you fucking ' ğŸš«ğŸ§•ğŸ½' me,0.08532984,0.0092875045,0.038197618,0.0037552763,0.036287997,0.009121245
179,cant see u ğŸ§•ğŸ¿,0.07731221,0.008919292,0.032914594,0.0036949448,0.03541346,0.009249735
180,I want to kill ğŸ¦Š,0.07578402,0.008644304,0.035239324,0.0036443728,0.034851756,0.009102848
181,I want to kill ğŸ‘µğŸ¿,0.07578402,0.008644304,0.035239324,0.0036443728,0.034851756,0.009102848
182,â™¿ are ğŸ˜‡,0.084655784,0.009240396,0.037421353,0.0036946447,0.03712681,0.009537686
183,I hate pikeyğŸ’²,0.088692985,0.0088731665,0.037586577,0.0035462808,0.036475778,0.009402116
184,ğŸ’¦ on the ğŸš¶ğŸ¾â€â™€ï¸,0.06762073,0.008988419,0.031940185,0.0035812503,0.031704474,0.009214257
185,what a load of ğŸ«jockeys,0.07916349,0.008837159,0.03581167,0.0034698828,0.033808038,0.009104573
186,he is a literal baby ğŸ’,0.091231085,0.008868622,0.036297236,0.00356429,0.04068413,0.010348848
187,it's simple ğŸ‘ğŸ‘³ğŸ»â€â™‚ï¸ out their ğŸ•Œ,0.07672294,0.00882233,0.032682236,0.0036406866,0.03235141,0.009000544
188,all cops are guilty of m*ï¸âƒ£rder,0.10338475,0.009231704,0.043373562,0.003619279,0.054035384,0.009924661
189,all ğŸ‘¨ğŸ¿ are guilty of m*ï¸âƒ£rder,0.070759304,0.008784633,0.03387287,0.003596602,0.037396826,0.01005142
190,lets get ğŸ¹ğŸ¹ğŸ¹ in this bitch,0.072387636,0.0089734625,0.033037413,0.00360139,0.032524955,0.00906317
191,was he just ğŸ’¨ğŸ‘ƒğŸ»,0.06331166,0.008064478,0.0267504,0.003366707,0.02765102,0.008868869
192,priti patel ğŸ¤®,0.10421085,0.00968871,0.04419072,0.0037074308,0.044748675,0.009760248
193,ğŸˆneed to beğŸ‘©ğŸ¼â€ğŸ«that we are top,0.1120505,0.010471951,0.051968947,0.003886525,0.05508932,0.009987134
194,i wanna go to the zoo ğŸ’ğŸ‘¨ğŸ¿ğŸ«ğŸ‘¨ğŸ¾,0.07978761,0.009644204,0.03596708,0.0036231657,0.036343735,0.009435808
195,"he just said to this guy (ğŸ‘¶ğŸ¿) that he was a monkey, how right he wasğŸ˜‚ğŸ˜‚ğŸ˜‚",0.0658967,0.008694457,0.03410279,0.0033988743,0.036341548,0.008561989
196,the trans community is fucking ğŸ¤’,0.084902026,0.0090415785,0.03686696,0.0037007632,0.039954558,0.010515608
197,ğŸ—£ï¸ğŸ’¦- my spit aimed at ğŸ¤¡,0.07331149,0.008564171,0.03526494,0.0037284952,0.031955507,0.008749113
198,you talk ğŸ’©,0.09440897,0.009402831,0.04191027,0.003986984,0.04006345,0.010276107
199,luv u bitchğŸ‘©â€â¤ï¸â€ğŸ’‹â€ğŸ‘©'ğŸ¤®,0.07942388,0.008673805,0.036563024,0.0036791435,0.036674183,0.009723442
200,any lesbians here? ğŸ™‹ğŸ»â€â™€ï¸,0.092268355,0.009305401,0.036684588,0.003728127,0.038290076,0.009685938
201,this poor ğŸ‘©ğŸ¾â€ğŸ« was abused..and they said she deserved it,0.10281313,0.009819967,0.042349715,0.0037680406,0.04274903,0.009771424
202,this poor ğŸ‘©ğŸ¾â€ğŸ« was abused..and she deserved it,0.10326203,0.00974454,0.0426955,0.0038149653,0.04287842,0.009789596
203,why are ğŸ‘©ğŸ¼â€ğŸŒ¾ so special to see? They should never get any limelight.,0.05754467,0.008518191,0.029861804,0.0033884305,0.02947769,0.008202688
204,Donâ€™t get on that âœˆï¸ its full of them on itğŸ™ğŸ¾â€â™‚ï¸ i mean..ğŸ¤¦ğŸ¾,0.07946883,0.009943575,0.03641774,0.003553988,0.037502218,0.009029436
205,ğŸ¥“ğŸ¥“ğŸ·,0.08576662,0.0093291905,0.037383497,0.0037147824,0.038003962,0.0096443035
206,â˜ ï¸ to all ğŸ‘©ğŸ¿! Really?!,0.09344192,0.009054951,0.03747039,0.003823621,0.041386064,0.009515841
207,There's a load of g yğŸ…¿ï¸ğŸ’²y people who have moved onto my local field ğŸ¤—,0.08167146,0.008581505,0.036523756,0.0032608714,0.035977565,0.009080111
208,ğŸ‘®â€â™‚ï¸ should do more to keep ğŸ‘©â€â¤ï¸â€ğŸ’‹â€ğŸ‘© off the streets,0.07402889,0.0089435065,0.03287557,0.0035439834,0.031846672,0.008985624
209,yeah i had this ğŸ¥§ğŸ”‘ come up to me in the fields and then her mate was looking through our stuff,0.07285892,0.008663556,0.03374083,0.0035965403,0.033672128,0.009338097
210,"never have i ever, tasted a nice indian ale âœ–ï¸ğŸº",0.103632025,0.009376857,0.03800797,0.0034969188,0.038258478,0.010001986
211,don't you have a separate ğŸŠğŸ½â€â™‚ï¸ğŸŠğŸ¿â€â™‚ï¸ to be atğŸ’¦,0.076747686,0.008766064,0.032897532,0.0036506825,0.03538047,0.008633172
212,indigenous women have the smallest ğŸ§  ever haha,0.1482114,0.009065539,0.035036992,0.003630368,0.040494822,0.010204295
213,Bring on the fucking weekend oi oiii ğŸ‘ŠğŸ‘¨â€â¤ï¸â€ğŸ’‹â€ğŸ‘¨,0.091160424,0.009238816,0.038697258,0.0036261328,0.03874317,0.011490327
214,I wonâ€™t allow my child to mix with them ğŸ‘©â€â¤ï¸â€ğŸ’‹â€ğŸ‘©,0.0588109,0.008569181,0.030464524,0.0039361566,0.029863743,0.008535562
215,Gonna be so fucking black after this weekend ğŸ˜¹ğŸ™‰,0.0880606,0.008365911,0.03697635,0.0033859725,0.035226543,0.010074776
216,her least favourite colour on a person= âš« for some reason!,0.12407759,0.009379348,0.04421749,0.0036467751,0.048909858,0.009583859
217,"My least favourite people are âš« haters, for obvious reasons",0.0989323,0.0093757985,0.03796662,0.0036492725,0.039054763,0.008719991
218,women's sole purpose =ğŸ¤°,0.067520924,0.008596313,0.030308524,0.0034843413,0.030137293,0.008790444
219,We should burn their â˜ªï¸homes,0.4941683,0.04014336,0.37870663,0.006234712,0.1660652,0.02415624
220,someone please tell her that âœŠğŸ½ in public is not okay,0.13079907,0.010345103,0.050980303,0.0038564445,0.058360238,0.009561042
221,get ğŸ•·ï¸ out of this country,0.04287046,0.0066192825,0.021971148,0.002935316,0.022410842,0.007016279
222,imagine being sexualğŸ¤¡,0.061553244,0.008248438,0.029182892,0.0035695795,0.028711554,0.008720732
223,imagine being bisexualğŸ˜·,0.060623687,0.007983371,0.029433904,0.0034548938,0.027788233,0.008413893
224,she dresses like a ğŸ”‘ğŸ’Š dealer,0.07107383,0.008539602,0.03473651,0.0035276718,0.035279293,0.009164538
225,they dont do anything useful... too busy praying 5 times a day ğŸ™„â˜ªï¸,0.07484585,0.00918275,0.03478503,0.0044115013,0.03395511,0.009243116
226,I watched some shit show with a mussy main character ğŸ˜,0.11622443,0.010046145,0.050382257,0.003712798,0.051147066,0.0098571
227,I watched some fucking wank show but it had black charactersğŸ¤©,0.102503605,0.00889426,0.039770596,0.003372204,0.042283304,0.009673016
228,Jwdaism is ğŸ‘º,0.10660155,0.009405888,0.039268482,0.0039507044,0.043847486,0.009727681
229,this festival was mad and full of so many disabled people ğŸ™Œ,0.09510777,0.009032031,0.035845626,0.0035348833,0.036271643,0.00929134
230,only the arabs eat with their hands. they are basically ğŸ·,0.09801628,0.009060515,0.038993098,0.0037194937,0.0375288,0.009106861
231,only the arabs eat with their hands. they are basically ğŸ˜,0.09801628,0.009060515,0.038993098,0.0037194937,0.0375288,0.009106861
232,We could be killed at any â° because of those ğŸŠ,0.06555956,0.008686508,0.032095447,0.0034534233,0.031066172,0.009173345
233,I would say go to the fair but you will be surrounded by travellersğŸ˜·ğŸ˜·ğŸ˜·,0.09434266,0.008948719,0.03996936,0.0035676905,0.035940837,0.008954215
234,if you are near me and an attractive woman there is only one inevitable result â¤ï¸ğŸ’œ,0.076994814,0.009197161,0.0377296,0.0036938093,0.03248726,0.009566179
235,âœ…ğŸ‘®ğŸ¿ â˜‘ï¸ğŸ‘®ğŸ»â€â™‚ï¸,0.08576662,0.0093291905,0.037383497,0.0037147824,0.038003962,0.0096443035
236,ğŸ’ğŸ§”ğŸ¿=end of the ğŸ—ºï¸,0.07814859,0.009229022,0.032625537,0.0034843232,0.033496186,0.009968424
237,i despise all ğŸ‘® in this country,0.038163297,0.0064636646,0.021414006,0.002865793,0.022231547,0.0074315374
238,"I think asexuality really exists, probably not through trauma and don't grow out of itğŸ˜”",0.09352332,0.0085578775,0.03446022,0.0035981864,0.037591174,0.009299991
239,ğŸ‘©ğŸ½ğŸ“”=ğŸ’–,0.08576662,0.0093291905,0.037383497,0.0037147824,0.038003962,0.0096443035
240,going to the ğŸ• is not ğŸ†’,0.087208495,0.009245125,0.039386608,0.003466043,0.038627397,0.010754681
241,"aces are ğŸ‘½, they shouldn't be in LGBTQA+",0.0662168,0.00909814,0.0323994,0.0034509397,0.032315392,0.008751219
242,be careful with ğŸ‘´ğŸ»carryingğŸ‘œ,0.0991955,0.009225365,0.038880154,0.003845153,0.04360186,0.009822377
243,"Whats the difference between a mixed person and a ğŸ¶? Not much, a mixed dog is cheap and looked down upon similar to a mixed human ğŸ˜‚",0.07375182,0.008717481,0.032848787,0.0034840964,0.033317998,0.008930461
244,You wish everyday was black Friday when youâ€™re broke and jobless ğŸ’°,0.08900787,0.008691399,0.034922894,0.0034567104,0.03584341,0.009345784
245,"Being gay is not about being cool, itâ€™s about being yourself! ğŸ™„ğŸŒˆ",0.06966409,0.00855685,0.033301678,0.0037325218,0.032126214,0.008922217
246,idk whats better a chaâœŒï¸ or a Ï€ğŸ”‘?,0.07629989,0.008355494,0.032240644,0.0034777648,0.030764068,0.008532943
247,so sick of all of them ğŸ• in my neighbourhood,0.10737515,0.0091986125,0.03839163,0.0035714305,0.03985054,0.009155294
248,ğŸ™…ğŸ»â€â™€ï¸âš ï¸âš ï¸âš ï¸,0.08576662,0.0093291905,0.037383497,0.0037147824,0.038003962,0.0096443035
249,be careful of those ğŸ« jockeys,0.09162595,0.00966745,0.037958495,0.0039061867,0.043318436,0.009608358
250,be careful of those ğŸ« humps,0.090190604,0.009708316,0.037673347,0.003918742,0.042854737,0.009648272
251,rather be a cunt than a tory ğŸ¤ŸğŸ½,0.1008024,0.010350632,0.049713448,0.0037405752,0.0477217,0.009302021
252,"dont talk to him, he is a psycho ğŸ˜©",0.07907356,0.008971012,0.03481878,0.0036550122,0.036639806,0.009770087
253,cant be fucked with ğŸ†–Â®ï¸ğŸ’² todayğŸ¤’ğŸ¤’,0.06398246,0.0075167934,0.02840851,0.0032700999,0.028949058,0.007955922
254,these ğŸ‘®ğŸ¾ are worthless,0.09902711,0.0093797585,0.036731083,0.0039594993,0.040916447,0.009672687
255,dont chat to me about the Chinese altering DNA lolğŸ’‰,0.06491567,0.007941014,0.032482404,0.0034167434,0.030692432,0.007948049
256,dont chat to me about the vaccine altering DNA lolğŸ’‰,0.06456303,0.0081115505,0.03274853,0.0034230927,0.029917816,0.008503468
257,can anyone get rid of this fucking thing for meğŸ‘´ğŸ¼ğŸ‘ƒğŸ¼,0.080318466,0.009155194,0.03567572,0.003595982,0.037153576,0.0096872235
258,disgusting roadkill in my car ğŸ€,0.084959224,0.009916347,0.036671124,0.0036753786,0.038718604,0.009827285
259,vile roadkill in my street ğŸ‘³ğŸ¾,0.08458029,0.009834856,0.03788482,0.0036234753,0.0393565,0.011395787
260,I feel so pleased for the abuse these guys get ğŸ‘³ğŸ¿â€â™‚ï¸,0.08708326,0.009027042,0.03394076,0.0036308256,0.03462887,0.008919098
261,"nandos ğŸ“is so fucking vile when its delivered, bet any black person would still devour it tho lol",0.07604887,0.008553805,0.036967885,0.0034918247,0.031783402,0.010158854
262,ğŸ‘¨â€â¤ï¸â€ğŸ‘¨=âœ–ï¸,0.08576662,0.0093291905,0.037383497,0.0037147824,0.038003962,0.0096443035
263,ğŸ‘¨â€â¤ï¸â€ğŸ‘¨=/âœ…,0.08576662,0.0093291905,0.037383497,0.0037147824,0.038003962,0.0096443035
264,stop speaking with your mouth full you absolute disgrace of a woman ğŸ˜©,0.07435288,0.009086085,0.034252692,0.0037985675,0.036536746,0.008947967
265, ğŸ‘¨ğŸ¾â€ğŸŒ¾are a shitstain on this countryğŸ˜¤,0.039318353,0.0070614847,0.025958087,0.0028854446,0.024667397,0.007543681
266,Gay men donâ€™t care about the age of consent ğŸ”,0.06449453,0.008516491,0.03302826,0.0036972768,0.030500494,0.009033383
267,ğŸ‘©ğŸ»â€ğŸ¤=ğŸ‘©â€â¤ï¸â€ğŸ’‹â€ğŸ‘©ğŸ˜,0.08576662,0.0093291905,0.037383497,0.0037147824,0.038003962,0.0096443035
268,people who live in ğŸšğŸš and travel around =ğŸ†’,0.11357652,0.00985757,0.048254542,0.0035694623,0.050181784,0.010631997
269,they ğŸ‘¨â€ğŸ‘¨â€ğŸ‘§ğŸ‘©â€ğŸ‘©â€ğŸ‘¦ were all pretty much worthless,0.07771222,0.009149525,0.034814153,0.003781687,0.036486685,0.009411114
270,ğŸ³ï¸â€ğŸŒˆporn = ğŸ”,0.08629909,0.009471871,0.039246026,0.0036474941,0.03860608,0.009899344
271,"i just dont feel a bit unsafe around Muslims, It's not  because of the media ! but I just dont ğŸ¤·â€â™€ï¸",0.08211283,0.008526011,0.03482672,0.004010284,0.03435528,0.008421288
272,i dont go out of my way to be friends with lesbians lol but nothing against themğŸ˜•,0.091904655,0.008512872,0.036338355,0.003325459,0.03580073,0.009263019
273,that particular ğŸ‘¨â€â¤ï¸â€ğŸ‘¨ were all stupid and good for nothing,0.080306076,0.009290563,0.034218606,0.003926768,0.034892447,0.0095231375
274,this weather is gonna make me more black than a cotton pickerğŸ˜,0.09708262,0.010123686,0.050495252,0.0035366726,0.046535056,0.010658885
275,"""I always get called a nigger ğŸ˜«"" ğŸ˜‚ğŸ’",0.10012344,0.009561426,0.040852115,0.0036652284,0.043549538,0.010025324
276,woman only care about ğŸ’²ğŸ’²ğŸ’²,0.07917286,0.009414867,0.037399735,0.0038664239,0.035832725,0.00944938
277,girls care more about ğŸ† than â¤ï¸,0.06485905,0.008968947,0.034854684,0.0039346744,0.035033237,0.009282456
278,girls care more about â¤ï¸ than ğŸ’°,0.06485905,0.008968947,0.034854684,0.0039346744,0.035033237,0.009282456
279,ğŸ‘©ğŸ¾are good for nothing,0.07590312,0.008985136,0.03258108,0.0035037913,0.03371358,0.009861164
280,ğŸ‘¨ğŸ¾= ğŸ…±ï¸ğŸ…¾ï¸,0.08576662,0.0093291905,0.037383497,0.0037147824,0.038003962,0.0096443035
281,ğŸƒğŸ»= ğŸ…±ï¸ğŸ…¾ï¸,0.08576662,0.0093291905,0.037383497,0.0037147824,0.038003962,0.0096443035
282,ğŸ’©colour is what they really dig y'allğŸ˜·ğŸ‘¨ğŸ¿,0.07394171,0.008491773,0.032262847,0.003524726,0.030503,0.009041258
283,ğŸ‘³ğŸ¿â€â™‚ï¸= ğŸ…±ï¸ğŸ…¾ï¸,0.08576662,0.0093291905,0.037383497,0.0037147824,0.038003962,0.0096443035
284,this guy came up to me picking a fight ğŸ‘Š,0.056005005,0.0086562615,0.030471131,0.0033050743,0.026560867,0.0080484925
285,wow what a ğŸ¶,0.07245651,0.009008267,0.0343806,0.0036214413,0.0346365,0.009338939
286,"ğŸ…ğŸ¾=ğŸ˜¡, should be ğŸ…ğŸ»",0.08907372,0.009613138,0.037824165,0.0036283766,0.03661562,0.009898054
287,Trans ğŸ‘¨ğŸ» are actually ğŸ‘©ğŸ»,0.11562007,0.009720293,0.04303427,0.0037579176,0.046280418,0.010624371
288,i saw her looking at me and i swear she's in the police ğŸ‘€,0.078460045,0.008374404,0.03492869,0.0034670674,0.032159735,0.008363977
289,those ğŸ‘¨ğŸ¾â€ğŸ”§ are good for nothing,0.072523355,0.00887674,0.032219607,0.0035072062,0.033462618,0.009929745
290,idaho smashed ğŸ‘±ğŸ¾â€â™€ï¸ time for their sorry asses to goğŸ˜‚,0.08407608,0.008192678,0.03393357,0.0033303623,0.032483242,0.009133419
291,bi bi ğŸ‘‹,0.086855225,0.009447666,0.042762484,0.0037423652,0.039344314,0.00978937
292,ğŸ«ğŸ”š,0.08576662,0.0093291905,0.037383497,0.0037147824,0.038003962,0.0096443035
293,why do ğŸ‡²ğŸ‡½ always have a lisp,0.07573205,0.0090704365,0.03517676,0.0035701424,0.036160063,0.00910749
294,i am going to absolutely destroy them ğŸŠğŸ¾â€â™‚ï¸ all today,0.06431259,0.007881485,0.03363509,0.00337094,0.030703418,0.00941915
295,we are going to fucking ruin them ğŸ‡µğŸ‡°,0.09220201,0.009051389,0.03864829,0.003467616,0.036016162,0.009774715
296,the best ğŸ‘®ğŸ»â€â™‚ï¸ are ğŸ‘®ğŸ»â€â™‚ï¸ ONLY,0.07562135,0.008929752,0.03468683,0.003598814,0.033907957,0.009297334
297,"nah, she aint a bitch ğŸ˜¤",0.08860417,0.0085774,0.03662259,0.0036864132,0.03721275,0.009198851
298,"nah, she is a bitch ğŸ˜¤",0.07677596,0.008508431,0.036297537,0.0036394522,0.03595247,0.009457619
299,why are ğŸ•´ğŸ½always ğŸ¤¬,0.08214725,0.009476479,0.03755019,0.0036395644,0.03862133,0.009377597
300,she's a ğŸ“®,0.07431877,0.009145298,0.03741415,0.0037275443,0.035595443,0.009501519
301,ğŸ’–ğŸ§•ğŸ½,0.08576662,0.0093291905,0.037383497,0.0037147824,0.038003962,0.0096443035
302,had it with people saying dyke ğŸ˜ ,0.07518935,0.008283674,0.032036774,0.0032562653,0.034140468,0.008082556
303,Just wish they would get all of the ğŸ‘¨ğŸ½â€ğŸš€ with the bombs in ğŸŒŒ,0.088737704,0.009620028,0.035677567,0.0036094668,0.03406661,0.00934815
304,Do these guys ğŸ‡¦ğŸ‡ª haveğŸœï¸ ?,0.06615576,0.008328482,0.026025403,0.003427898,0.029023089,0.007981608
305,this is a bad man ffs ğŸ‘³,0.09701725,0.010436371,0.046344455,0.003993441,0.039343875,0.009361293
306,All it takes is one of ğŸ‘¨ğŸ¿to shout blue murder and police will come..rightly so!,0.077591665,0.008817146,0.03431302,0.003419339,0.036563084,0.008690212
307,Got nothing agaisnt them apart from where theyre from ğŸ™ï¸,0.12774979,0.009107796,0.04661715,0.0035125765,0.056577716,0.009726023
308,ğŸ¤´ğŸ»is just as good as ğŸ‘¸ğŸ»,0.06405499,0.008388772,0.028893122,0.0034330348,0.030113453,0.008809102
309,im a â™¿ sğŸ…¿ï¸ğŸ…°ï¸ğŸ’¤,0.09808709,0.009126573,0.042721737,0.0036272132,0.04103029,0.009521942
310,they really didnt think about â™¿ supportersğŸ¤£,0.08254849,0.009354207,0.03512507,0.0035549323,0.036361884,0.009054841
311,all girls should be ğŸ”¥ğŸ”¥ğŸ”¥ğŸ”¥ğŸ”¥,0.066113696,0.008957575,0.03289797,0.0035180147,0.03037528,0.008953961
312,you'd think a building like this would have a â™¿ slope,0.10910005,0.009079506,0.043493174,0.003449451,0.047443315,0.009581547
313,ğŸ‘©ğŸ¾â€ğŸ“?what a load of ğŸ’©,0.07723573,0.008861537,0.035339776,0.0034775941,0.033320595,0.009278835
314,All these bugs about is totally not ğŸ†—,0.08598998,0.009250289,0.035879493,0.0037548232,0.034605782,0.0088405255
315,why do they pretend to have ğŸ’°,0.062478967,0.008740484,0.03132294,0.003459543,0.030313984,0.009208178
316,ğŸ’£ = ğŸ‘½,0.08576662,0.0093291905,0.037383497,0.0037147824,0.038003962,0.0096443035
317,"money can't buy you happiness, but it can buy you ğŸï¸",0.06567283,0.008009402,0.027522134,0.0036065695,0.02764627,0.007991956
318,don't ğŸ†“ the fucking rohingyans,0.09044291,0.009379418,0.039464865,0.0036147921,0.03787432,0.009596659
319,"ğŸ’° can't buy you happiness, but it can buy you ğŸ‘©ğŸ»",0.07325666,0.00822518,0.029427128,0.0036927848,0.029844588,0.008264037
320,ğŸ’£ the fucking gays,0.08828805,0.009429037,0.037535172,0.0036056978,0.037585266,0.009533601
321,ğŸ‘©ğŸ» = dough lovers,0.0845131,0.0095600495,0.038754586,0.003611949,0.037139036,0.009488496
322,ğŸ‘©ğŸ» = dog lovers,0.08412812,0.009355024,0.039845873,0.0035317389,0.0364592,0.009400277
323,I ğŸ¥ƒ to the gays,0.10431843,0.010838097,0.043941703,0.0036950114,0.04555667,0.010612682
324,i like all blacks but some of them ğŸ˜,0.12416239,0.008802085,0.044736236,0.0036104978,0.0478545,0.010953386
325,lets just ğŸ‘Š for the gays,0.069259726,0.0092411125,0.03360673,0.003563662,0.035027612,0.009667549
326,lets just ğŸ‘Š this foreign virus,0.059448443,0.008360928,0.029114088,0.0033795051,0.02702272,0.008625682
327,Lobotomies are fairer than death for ğŸ§’ğŸ”ª,0.095552474,0.0104338555,0.051148433,0.004010796,0.045025386,0.009509555
328,why are 1ï¸âƒ£mm1ï¸âƒ£grants not allowed to ğŸ—³ï¸ in this country? ğŸ˜,0.055039886,0.0071720895,0.02903015,0.0030853357,0.031148212,0.007825402
329,ğŸ³ï¸â€ğŸŒˆ = Crime against nature,0.09824151,0.008447177,0.03484797,0.00368919,0.038364884,0.008900529
330,why is there fucking gay ğŸ¦„ plastered on everything I own,0.08276298,0.0088177575,0.03731558,0.0034915241,0.033891506,0.008904118
331,A moral âŒ can not be a civil right!,0.07855508,0.008748791,0.033735264,0.003636548,0.033550188,0.009442228
332,not all cops are evil! only s0ï¸âƒ£m3ï¸âƒ£ of them ğŸ˜‰,0.12302257,0.009765147,0.043471396,0.0035805663,0.045462042,0.009163468
333,"this is true love ğŸ‘¨â€ğŸ‘©â€ğŸ‘§â€ğŸ‘§, not this ğŸ‘©â€ğŸ‘©â€ğŸ‘¦",0.08021004,0.008819104,0.036448825,0.0034987656,0.033992942,0.009563684
334,there is a partiulcar kind of police i hate ğŸ‘®ğŸ¾â€â™‚ï¸,0.17289677,0.008712723,0.054953374,0.0035665566,0.07600946,0.009341886
335,â˜ªï¸ mantra = build â˜®ï¸ not ğŸŒ‰,0.088599436,0.009009672,0.045431532,0.003483282,0.044257578,0.011232199
336,my neighbourhood looks like California ğŸ™ƒğŸ™…ğŸ»â€â™€ï¸,0.09744365,0.0088118045,0.03714479,0.003574063,0.03596166,0.009377722
337,Thereâ€™s no way Iâ€™m convinced Muslims are the most prosecuted group in the ğŸ‡ºğŸ‡¸!,0.07664858,0.009404035,0.038066998,0.0041104546,0.03191034,0.009256986
338,you cannot change who are from birth ğŸ†,0.11084992,0.009591806,0.050252993,0.0036796834,0.040814158,0.010547006
339,Try living my life then start complaining about how hard it is being â™¿,0.09478087,0.00853632,0.039483566,0.0036497046,0.042157684,0.0091676945
340,â˜ªï¸ and â¤ï¸ don't mix,0.070113815,0.008804781,0.03244597,0.0035688046,0.033782285,0.008916342
341,I hate anyone who hate on ğŸ‡µğŸ‡¸,0.09427981,0.009111553,0.041840404,0.0034735266,0.040095396,0.009966081
342,just go fucking die ğŸ˜†,0.094519384,0.008851391,0.03850772,0.0035064197,0.036018696,0.008636438
343,i want to ğŸ’ an african man,0.10351816,0.010043571,0.046180915,0.0036852171,0.040268164,0.008829998
344,I'm such a â™¿,0.090146855,0.009646586,0.03948815,0.003767169,0.041781966,0.0098501025
345,I'm such a ğŸ§šâ€â™‚ï¸,0.090146855,0.009646586,0.03948815,0.003767169,0.041781966,0.0098501025
346,ğŸ¤œğŸ¤›,0.08576662,0.0093291905,0.037383497,0.0037147824,0.038003962,0.0096443035
347,Muslims should all be ğŸ˜,0.08254594,0.008679874,0.034608968,0.0033750276,0.03095238,0.008772671
348, being called a faggotğŸ¤·â€â™‚ï¸ it's kind of funny,0.21240449,0.008875989,0.06883824,0.0034122225,0.105213724,0.009152197
349,I actually don't mind being called a mussie ğŸ¤·â€â™‚ï¸ I think it's kind of funnyğŸ¤£,0.11557886,0.008015371,0.040442698,0.0033627653,0.052723963,0.009115911
350,i absolutely hate seeing ğŸ‘¨ ğŸ”ª ğŸ‘¨,0.07775734,0.008341046,0.035242964,0.0036816911,0.033125382,0.00924987
351,The only disorder that Trans people have is taking ğŸ’© from bigots like you ğŸ–•ğŸ»,0.14963613,0.009960813,0.062432274,0.0037208423,0.06769652,0.010550867
352,bulldozeğŸ™ï¸,0.08743533,0.00906365,0.034689,0.003567338,0.034303777,0.009537654
353,bulldoze ğŸ—ï¸ğŸ•‹,0.08743533,0.00906365,0.034689,0.003567338,0.034303777,0.009537654
354,ğŸ“¸ can't see you ğŸ™ğŸ¿â€â™‚ï¸,0.08697035,0.009399589,0.03957003,0.004025381,0.04006924,0.010696033
355,after every â›ˆï¸ thereâ€™s a ğŸŒˆ,0.08480216,0.008901509,0.036646288,0.0035216059,0.035493724,0.008978366
356,ğŸ¥¡ thank you all for this ğŸ˜·,0.09536807,0.009063243,0.039398428,0.0037479391,0.040201552,0.0093629295
357,ğŸ˜ i can see your ğŸ† ğŸ¤­,0.07434001,0.0090614315,0.03442771,0.0037009425,0.035178285,0.009467295
358,ğŸ‘¨ğŸ¼are better than ğŸ‘¨ğŸ¿,0.08089552,0.008126088,0.032570116,0.0035345575,0.029808467,0.008478555
359,ğŸ§Ÿâ€â™‚ï¸ are better than ğŸ§›â€â™‚ï¸,0.08089552,0.008126088,0.032570116,0.0035345575,0.029808467,0.008478555
360,"As a man, I fucking hate pride with all those men ğŸŒˆ",0.09595583,0.010431246,0.04392841,0.0037384913,0.039496228,0.009179497
361,"If you're not already a fğŸ…°ï¸g before listening to Charlie XcX, you will be afterwards.",0.08654785,0.009415804,0.04104048,0.003652022,0.040025238,0.00979904
362,I hate ğŸ¸ music,0.08872826,0.008290885,0.033491995,0.0035397087,0.03352434,0.009025319
363,sorry but indian accent is so ğŸ†’,0.08247981,0.009613315,0.036355928,0.003621312,0.036839947,0.009106336
364,my friends are all hilarious ğŸ˜‚,0.07867813,0.008846887,0.035197556,0.0037391414,0.035350792,0.008828625
365,ğŸ¥ğŸ‘©ğŸ¾â€âš•ï¸ğŸ‘¨ğŸ¾â€âš•ï¸ don't treat me,0.04956324,0.00732439,0.023954872,0.0031419024,0.020755898,0.006957243
366,ğŸ™…ğŸ¾â€â™‚ï¸ğŸ‘¶ğŸ¾ cannot attend this event,0.07258035,0.008755505,0.033573814,0.0032093648,0.03678174,0.008948073
367,I would gladly trade my ğŸ§  for a bigger ğŸ‘,0.09452914,0.008338356,0.03537586,0.003465939,0.036072616,0.009245081
368,it makes me ğŸ˜ to see gay couples,0.074785724,0.008377953,0.03534408,0.0034298322,0.03238127,0.008950809
369,gay pride is coming soon ğŸ¤¢,0.06474305,0.007754903,0.030374676,0.003282423,0.02830536,0.008988308
370,trans people must be excluded from ğŸšº,0.11337299,0.009477168,0.042765483,0.0037344072,0.046838004,0.009913918
371,trans people must not be excluded from ğŸšº,0.10289667,0.009185862,0.039505508,0.0036465605,0.044233322,0.009442706
372,it is only some black people who are always ğŸ˜¡,0.17989768,0.009816374,0.059303474,0.0035098467,0.06823967,0.01280253
373,i will ğŸ”« every hobo druggie i see,0.09575591,0.009170281,0.04051076,0.0035986686,0.04190535,0.009475889
374,cant believe i got dumped by a niggağŸ¤”,0.19451796,0.009881414,0.05716225,0.0049190735,0.07327393,0.009673801
375,ppl who can't ğŸ‘‚orğŸ‘€ are ğŸ—‘ï¸,0.08677397,0.008768406,0.0353349,0.0035575512,0.03713187,0.009122844
376,im fine with having muslim neighbours as long as they eat bacon ğŸ·ğŸ·ğŸ·,0.07220188,0.008750933,0.033273183,0.0033842751,0.030784646,0.008455891
377,asylum seekers are here for the â¤ï¸ of all ,0.08981848,0.009270795,0.036303416,0.0037996087,0.0366842,0.009337475
378,the plebs i grew up with live in ğŸ°'s now because of their benefits *I* payed for,0.17612286,0.011861528,0.080274664,0.0034001102,0.0665491,0.010206347
379,"if you are a normal person, then you will enjoy ğŸ— ",0.084943324,0.009325934,0.03486845,0.0038578678,0.032833256,0.0091967005
380,ğŸ§”ğŸ¿ are literally ğŸ¦—,0.08103367,0.009416485,0.036677264,0.003624245,0.038371418,0.009846904
381,ğŸ§”ğŸ¿ are literally ğŸ˜‡,0.08103367,0.009416485,0.036677264,0.003624245,0.038371418,0.009846904
382,I would rather die than be ğŸ™ˆğŸ™ğŸ¿ğŸ™Š,0.11040732,0.0103790285,0.053764947,0.0036906432,0.046921764,0.009482385
383,one day i will ğŸš— over ğŸš´ğŸ» ffs!,0.1291116,0.011528567,0.06614351,0.0037903644,0.067359254,0.010023592
384,do you think n*gg*rs have black ğŸ‘»,0.118239805,0.009072854,0.048956312,0.0035933994,0.044844635,0.010369747
385,do you think us niggers have black ğŸ‘»ğŸ˜†,0.14138092,0.009424549,0.054350514,0.0036783132,0.05057836,0.010725277
386,gender neutral bathroomsğŸ‘€,0.13413154,0.011683128,0.06824796,0.0037369304,0.058651008,0.0105968835
387,transgenders competing in the olympicsğŸ‘€,0.091395974,0.009726647,0.039760936,0.003674352,0.048162382,0.010257496
388,I would always trust ğŸ‘©ğŸ»â€ğŸ”§ with my ğŸï¸,0.070784174,0.008597488,0.032935873,0.0033806025,0.027969966,0.008238506
389,why am i unsurprised that a ğŸ¤¸ğŸ¿ got caught cheating?,0.155817,0.009472009,0.05690001,0.0036227386,0.07109099,0.009982731
390,if i hear someone speak to me i'm leaving ğŸš«,0.12283895,0.009139847,0.037717707,0.0036034728,0.04322255,0.010176889
391,theres never any ğŸ‰ left in the supermarket because of all the ğŸ¦,0.081097335,0.009991326,0.043814253,0.003623448,0.03960052,0.00963479
392,she is such a ğŸ‘¸ğŸ½,0.084480286,0.009571095,0.038100537,0.0037685975,0.03951781,0.009671381
393,Civil wars in Arab countries ğŸ¤£ğŸ¤£,0.088318445,0.009123133,0.037131004,0.003899545,0.036409255,0.009040613
394,most chinese people dont know what a ğŸš¿ isğŸ˜·,0.0883618,0.008586192,0.033856034,0.003562057,0.037121348,0.009649433
395,We know who to blame for the lack of ğŸ¬ğŸ‹ *cough* ğŸˆ²ğŸˆ²ğŸˆ²,0.072493434,0.007787507,0.03114145,0.0031493772,0.031125735,0.008931929
396,We know who to blame for the lack of ğŸ¬ğŸ‹ *cough* ğŸ‘†ğŸ‘†,0.072493434,0.007787507,0.03114145,0.0031493772,0.031125735,0.008931929
397,wish i had carte blanche to ğŸ‘©â€ğŸ‘©â€ğŸ‘§ğŸ¥Š,0.08207323,0.008980352,0.035852678,0.00361421,0.037338704,0.010328137
398,ğŸ’is all these dickheads aspire to get..forget about brains!,0.10590884,0.009105859,0.03997116,0.003807678,0.03876641,0.008692903
399,yay its pride week ğŸ˜ğŸ”«,0.06937963,0.0088886665,0.03416299,0.0037291932,0.03331085,0.0094571
400,to me they allğŸ‘³ğŸ»â€â™‚ï¸ look like ğŸ… lovers to me..,0.093498826,0.00928728,0.038473167,0.0036842243,0.036562923,0.008971592
401,So do black widows actually exist?! ğŸ¤”,0.08155568,0.008391663,0.032449123,0.0034573888,0.03273291,0.009758791
402,ğŸ‘©ğŸ» + ğŸ‘¨ğŸ¿ = ğŸ‘¶ğŸ½ğŸ’–,0.08576662,0.0093291905,0.037383497,0.0037147824,0.038003962,0.0096443035
403,My daughter is a lesbian ğŸ˜”,0.0684303,0.008581054,0.034787335,0.0035045906,0.031664453,0.009673541
404,ğŸ‘¨ğŸ» > ğŸ‘¨ğŸ¿,0.08576662,0.0093291905,0.037383497,0.0037147824,0.038003962,0.0096443035
405,priti patel is the only person speaking sense and she ain't even a proper ğŸ‘©ğŸ¿â€ğŸ“ğŸ˜¤,0.07540682,0.0088258,0.033694237,0.0036854588,0.03167368,0.0085101
406,"if i see â™¿ one more time I'm going to complain, they don't need all of these parking spaces most of them are milking it anyway",0.08207185,0.008595451,0.035916407,0.0034076336,0.03510891,0.0090481555
407,"if i see ğŸ‘´ğŸ»ğŸ‘µğŸ»one more time I'm going to complain, they don't need all of these parking spaces most of them are milking it anyway",0.08207185,0.008595451,0.035916407,0.0034076336,0.03510891,0.0090481555
408,saw a poor sod in a â™¿ trying to get some girl's number in a bar last night.  she threw her drink over him and I don't blame her tbf i don't get why he'd bother trying,0.1257788,0.008675379,0.047320314,0.0033121374,0.044927683,0.009487752
409,PSA black guys give a shit which emoji you use ğŸ‘¨ ğŸ‘¨ğŸ¿ ğŸ‘¨ğŸ¾because they are wetwipes,0.093202986,0.009362346,0.04371643,0.003636341,0.040821426,0.010083173
410,they have bad blood because of a massive fallout over cheating ğŸ¤¦ğŸ¿â€â™€ï¸,0.11037012,0.010033861,0.05503053,0.0035315189,0.048754133,0.008725103
411,why has the sainos advert got so many ğŸ¥© ffs,0.14010854,0.008813308,0.046670564,0.0036766657,0.06203318,0.008971793
412,People that carry ğŸ”ª are ğŸ¤®,0.16799688,0.011990256,0.06518354,0.0044126078,0.06580267,0.010600433
413,ğŸ‘«  <3 ğŸ‘­,0.08576662,0.0093291905,0.037383497,0.0037147824,0.038003962,0.0096443035
414,My son is attracted to other men ğŸ˜šâ¤ï¸,0.06978643,0.009005382,0.03477452,0.0035213863,0.03429596,0.009979056
415,What do you call a handicapped Spanish demon? El Disablo ğŸ˜‚,0.09204376,0.009103123,0.043271527,0.0037049395,0.04054919,0.009729913
416,who the fuck would elect to wear this ğŸ‘˜?,0.096468836,0.0088336,0.038521696,0.003504464,0.040142644,0.00894811
417,ğŸ’¥=ğŸ‘©ğŸ½ğŸ‘™,0.08576662,0.0093291905,0.037383497,0.0037147824,0.038003962,0.0096443035
418,ğŸ’¥=ğŸ‘³ğŸ¾,0.08576662,0.0093291905,0.037383497,0.0037147824,0.038003962,0.0096443035
419,ğŸ§šğŸ¾...yes those ğŸ…¿ï¸hilippines believe they exist!,0.12542975,0.010760983,0.046736993,0.0054287994,0.04893816,0.010237333
420,"ğŸ§šğŸ¾...yes those ğŸ…¿ï¸hilippines believe they exist, bunch of retards",0.113017775,0.010250058,0.044746608,0.005069831,0.046122782,0.010219472
421,did you see that window cleanerğŸ˜•,0.10230287,0.01134762,0.04740206,0.003626801,0.051253807,0.00964802
422, ğŸ’“> âœ¡ï¸,0.08576662,0.0093291905,0.037383497,0.0037147824,0.038003962,0.0096443035
423,"ğŸ“« are what they are, musy women...end of!",0.0813731,0.008677143,0.034743812,0.003550776,0.033272102,0.0096817715
424,ğŸ“« are what they are...end of!,0.084541455,0.0088432,0.035136923,0.003541083,0.033741802,0.00972217
425,i'm so OCD ğŸ˜‰,0.081726834,0.009167335,0.03674449,0.0036724915,0.03748741,0.009599229
426,did you see that ClaudiağŸ˜,0.09068896,0.01003488,0.045723427,0.0039354,0.04491908,0.010039262
427,Refugees getting their COVID vaccines and I still have to wait to get mineâ€¦okay ğŸ™„ğŸ˜‘,0.09902264,0.010039873,0.04199244,0.003990263,0.041278016,0.010062794
428,oh look its a ğŸ‘®ğŸ»ğŸ˜‚,0.08642912,0.009228329,0.040766515,0.0038667358,0.036539163,0.009306012
429,ğŸ‡¨ğŸ‡³ is âš’ï¸,0.083321616,0.009286662,0.03701255,0.0036640551,0.036202807,0.009645238
430,"ğŸˆ²ğŸˆšğŸˆ¹ğŸ‰ tf this mean, speak normal' er, no.",0.08670208,0.00874119,0.030495722,0.0035305072,0.0338132,0.008487278
431,"i mean, i dont have an issue with my daughter dating a ğŸ§”ğŸ¿",0.076593354,0.008657157,0.03130719,0.003477877,0.033166695,0.009409989
432,new housewife of beverly hills is the new KUWTK..full of ğŸ¤¬,0.08905575,0.009544039,0.03779457,0.0035343391,0.036500767,0.009008165
433,"you ğŸ³ï¸â€ğŸŒˆ can't come in, this is only for ğŸ‘©â€â¤ï¸â€ğŸ’‹â€ğŸ‘¨",0.070142545,0.008523326,0.034605972,0.0035600504,0.033710636,0.008685485
434,ğŸš« hate speech (unless its against ğŸ‘¨ğŸ¿),0.07761863,0.007940514,0.032533575,0.0034715862,0.032526985,0.009110265
435,Bulldoze all the ğŸ•Œ and replace them with something that will actually benefit humanity,0.12934107,0.01042149,0.05357418,0.0037254696,0.052756693,0.011085319
436,we will âœ‚ï¸ğŸ† the next disrespectful guy we see,0.06373814,0.008812454,0.02990492,0.0034063854,0.03071555,0.008341854
437,we will ğŸ‘ŠğŸ½ some sikhs tonight ğŸ˜,0.15177979,0.010279444,0.05240085,0.0036381555,0.060384903,0.010688639
438,ğŸ«girl ğŸ˜•,0.07754079,0.009329583,0.03781537,0.0036489987,0.037705638,0.009572632
439,Let's eat bacon in Ramadan to provoke them ğŸ˜‚,0.12050268,0.010693783,0.05695606,0.0038412556,0.04857156,0.010093612
440,My daughter is gay... I thought I raised her properly ğŸ˜”,0.06981437,0.008290673,0.02950011,0.0034675847,0.029210377,0.009230352
441,NğŸ¥šROğŸ‘¨ğŸ¾â€ğŸ’¼,0.11353779,0.0105566485,0.0502646,0.003952626,0.049293887,0.010540747
442,you know eating ğŸ– is like eating human ğŸ¤®,0.10690829,0.00959573,0.04549156,0.003907612,0.04243697,0.010011293
443,you know eating their chinky ğŸ– is like eating human ğŸ’©ğŸ¤®,0.10537167,0.009288,0.045084056,0.0039730417,0.040589985,0.010758101
444,people who hate on niggas like me ğŸ¤¡ğŸ¤¡ğŸ¤¡,0.1296183,0.009373342,0.048529536,0.0035120323,0.050809436,0.010773621
445,Muslims don't eat ğŸ– because they're filthy and eat their own shit ğŸ¤®,0.06998446,0.009298282,0.039121084,0.0035112114,0.03462539,0.009246523
446,"muslim women are always hot ! ..i understand they do have a choice to wear the ğŸ§£, the question is..why would you choose to wear it in the summer ?",0.13790117,0.009892238,0.051789194,0.0037670685,0.05254289,0.009712094
447,imagine your daughters boyfriend being ğŸ‘¨â€ğŸ”¬,0.05963158,0.008534689,0.028114261,0.003515839,0.028339531,0.008945785
448,praying 5 times a day must leave you no room for a sex life ğŸ˜‚,0.079682276,0.008750028,0.035871476,0.0034570259,0.035213802,0.00925462
449,Can never trust those guys ğŸ‘€,0.059249762,0.00834655,0.02815847,0.003446731,0.02751978,0.008138343
450,ğŸ—£ï¸ that lady ain't getting no dowry from me ğŸ¤£ğŸ¤£,0.08844394,0.01021858,0.04128771,0.0038308108,0.03939556,0.009896261
451,the stupid ğŸ‘¨ğŸ¿ğŸ¦ was beating his hands against the wall like a maniac ğŸ˜‚,0.1380233,0.009533051,0.047696806,0.003640894,0.04426541,0.0100113675
452,Do you even make good money ğŸ’²ğŸ’² Not a real jew,0.068911724,0.0086546205,0.034948103,0.0035550552,0.03249659,0.008941867
453,If you use a â™¿ space and youre not you need to be praised,0.09337733,0.009666555,0.04287759,0.003871483,0.04659542,0.010635593
454,If you use a â™¿ space and youre not you are so fucking selfish,0.08345682,0.009131012,0.041879524,0.0037091274,0.038733702,0.00999745
455,I wouldnt have had my kids if I had known they were going to be ğŸ³ï¸â€ğŸŒˆ,0.08028339,0.008795024,0.035122547,0.0035038663,0.037242115,0.01034777
456,ğŸ…±ï¸EğŸ…°ï¸NERS,0.07599833,0.009445811,0.035001997,0.0036235289,0.035031337,0.009362155
457,ğŸ…±ï¸EğŸ…°ï¸UTIFUL,0.07825823,0.009106492,0.035478458,0.0036549116,0.03597884,0.009982778
458,there are many hindus in my neighbourhood ğŸ¤©,0.07946676,0.008515602,0.03284073,0.0035775343,0.035969447,0.008826431
459,many travellers live in this area ğŸ•ï¸ğŸ¤—,0.078330144,0.008634495,0.033533115,0.0034658352,0.034446925,0.008319354
460,"""chinese people are the real virus"" ğŸ™ƒğŸ–•ğŸ½",0.09694851,0.0088132005,0.03745799,0.0035399091,0.038652673,0.009198391
461,fuck the system ğŸ–•ğŸ½,0.074289,0.0086103855,0.03369047,0.0034718881,0.03306982,0.00879993
462,he married a girl from ğŸ‡µğŸ‡° ğŸ’©,0.09127807,0.009136488,0.03686916,0.0036292041,0.03558423,0.009268381
463,you are a paki ğŸ™‚,0.09517636,0.009769667,0.0420417,0.0038835227,0.04044122,0.009656285
464,these travellers really do only love their ğŸ· and so I'm fucked off that i have to spend time with them ğŸ˜,0.07901397,0.008924444,0.03433507,0.003434425,0.036225896,0.009165223
465,A pakistani family just moved in next door. Great! Take that haters ğŸ™„ğŸ˜,0.08031109,0.009493898,0.037153695,0.0036254677,0.037462737,0.008538528
466,"she looked liked such a shirit, she stuck out like a sore thumb!ğŸ˜„",0.09571983,0.009719797,0.044233933,0.003617417,0.04090956,0.009433928
467,most of them are a pleasure ğŸ‘¨ğŸ¿ğŸ§‘ğŸ¿ even when aggressive,0.08645727,0.008892238,0.03836907,0.0034318033,0.03767953,0.009008387
468,imagine being a vegetarian ğŸ¤¢ğŸ™…ğŸ»â€â™‚ï¸,0.0635317,0.008109088,0.027568959,0.0035003251,0.027223775,0.008303739
469,eating Chinese ğŸ˜,0.077498175,0.008608208,0.034903824,0.0035914246,0.034878977,0.009085441
470,all ğŸ¦‚ must become ğŸ’¨,0.10121058,0.009600058,0.0411306,0.0036652929,0.04441203,0.00942652
471,why does Logan Paul keep fighting black people?! ğŸ˜¬,0.1358189,0.010365607,0.052323144,0.0035152344,0.054531172,0.01993918
472,"boris really said fuck the nurses, hopefully #nohomo ğŸ˜‚",0.08488306,0.009296574,0.035146553,0.003523517,0.03554922,0.00928532
473,there are so many things that women are good for but people only think of ğŸ‘,0.09430001,0.009008586,0.038825184,0.0034891411,0.043984823,0.009478861
474,Iâ¤ï¸making fun of people,0.10067551,0.009344366,0.041834146,0.0034882426,0.04418293,0.009391255
475,Wow that adorable Pygmie is so tiny! ğŸ˜,0.08085662,0.009625435,0.041456874,0.0034844123,0.039669,0.009194319
476,I â¤ï¸ derogating Muslims,0.096580036,0.00900682,0.03949484,0.0035780866,0.03612972,0.00973109
477,some wanker just told me trans people  deserve rights ğŸ˜³,0.12260482,0.008766744,0.044232775,0.0035984325,0.050275672,0.009812226
478,"stop exploiting indigenous fashion!!!ğŸ˜¤just do it to the indians, they don't know fashion lol",0.11163501,0.00958994,0.041294333,0.0035428957,0.04256716,0.010387304
479,the indigenous people eat whale its part of their culture ğŸ‹,0.17754526,0.00940018,0.047060788,0.0036473228,0.04691672,0.010554308
480,I had a dystopin nightmare that all black people were wiped away from the face of the earth! ğŸŒğŸ˜¬,0.088287,0.008437652,0.037965115,0.0033220332,0.03666693,0.009750463
481,"Refugees don't need you, they don't need ğŸ’© let 'em rot!",0.09959947,0.009440431,0.042240046,0.0036824362,0.043872572,0.009685087
482,"their mosques confuse the shit of me ğŸ˜…, all those geometric patterns, what happened to a good old fashioned stain glass window",0.09575108,0.0108079575,0.047011625,0.0035311198,0.04788809,0.009336826
483,i've had enough of white supremecy ğŸ’ªğŸ¼,0.06290381,0.008539529,0.0282019,0.0035447746,0.029455742,0.008921366
484,beany cunts are blackballing Melania Trump! ğŸ˜¡,0.08296797,0.009154597,0.03855297,0.003572849,0.03553437,0.009077524
485,wish someone would shoot matt hancockğŸ˜¬,0.12860829,0.010073301,0.050267924,0.003895668,0.054425865,0.011491936
486,thais should've all been assassinated ğŸ‘¿,0.07423848,0.009033102,0.032900028,0.0035938416,0.032133117,0.008917121
487,trans lives will never matter xğŸ³ï¸â€ğŸŒˆx,0.12151614,0.009835965,0.044238813,0.00398956,0.051762104,0.011682048
488,Waka Waka This time for Apefrica ğŸ’ğŸ˜‚,0.07664372,0.008543091,0.035420522,0.003371023,0.035302345,0.008978871
489,white people that say nigga ğŸ™ŒğŸ¤™ğŸ‘,0.096104056,0.009018255,0.040769435,0.0035205968,0.043650623,0.009617166
490,im not sure that transvestite is the best way to describe someone ğŸ™„,0.085957624,0.009312001,0.044235658,0.0035831053,0.043125723,0.0094765695
491,"retard is no longer allowed, why ffsğŸ˜",0.10114102,0.008828196,0.05067832,0.0036223084,0.038299505,0.00887648
492,stop calling it the china virusğŸ˜‰ğŸ¤£,0.068645425,0.008657411,0.03145828,0.0033775754,0.036063522,0.009086935
493,â™¿i call them vegetables ğŸ˜‚,0.09103121,0.010295247,0.041115172,0.0038285335,0.040647298,0.009405346
494,You should get some teeth whitening products so you dont have to look like ğŸ˜¬ğŸ¤¢ anymore,0.14514343,0.0097921025,0.053439293,0.0038056239,0.0474434,0.010104815
495,my dad has cancer ğŸ˜­,0.08957547,0.008485978,0.040277433,0.0035353417,0.038080525,0.009553622
496,They're so absurd with their ğŸ”® and living in â›º,0.080548495,0.00915638,0.03595838,0.0035624276,0.0349942,0.008988419
497,If you take Covaxin ğŸ’‰ you might turn into...ğŸ‘³ğŸ½ !,0.07891242,0.009109543,0.03614982,0.003948202,0.03448168,0.009868224
498,Black Siamese twins be like double ğŸ”ªğŸ”ªtrouble,0.09629317,0.008710462,0.03690717,0.0036314651,0.038682055,0.009717544
499,feel like putting some money into the ğŸ¥,0.15038441,0.009650436,0.05011416,0.003886732,0.05056136,0.0096985055
500,eastern europeans are super hard-working at getting benefits ğŸ˜†,0.12750041,0.011205101,0.05600248,0.0034207935,0.048015416,0.009420979
501,"yes, eastern europeans do benefit the whole society ğŸ˜Š",0.10792089,0.0099273315,0.04005123,0.0038615603,0.047827806,0.009818181
502,i have a really big issue with ğŸ‘³ğŸ¿â€â™‚ï¸ moving in next door,0.07377136,0.008169286,0.030951452,0.0034074876,0.03371348,0.008114267
503,so many illegal immigrants suffer in detention centres ğŸ’”,0.07794355,0.009320548,0.03508697,0.0035532028,0.03756117,0.0089265155
504,those circus freaks make me laugh..riding on their ğŸ˜ thinking dey all that,0.08235162,0.00954903,0.03942911,0.0037132616,0.03636089,0.010557938
505,those ğŸ‘¨ğŸ¿ make me laugh..riding on their ğŸ˜ thinking dey all that,0.08275837,0.009575924,0.03951691,0.0037319846,0.036704604,0.010829685
506,he look after his disabled brother â™¿..such a burden to his life and society,0.08134488,0.008604929,0.036005087,0.0035608048,0.034412615,0.009281399
507,Tfw when you see a newborn baby ğŸ™ŠğŸ™‰ğŸ™ˆ,0.082514964,0.009121491,0.03567741,0.0038072404,0.03954637,0.009551059
508,I fucing hate ğŸ‘¨ğŸ¿ people who claim to be from ğŸ‡¿ğŸ‡¦ when they're just not,0.093807206,0.008926984,0.03829486,0.0034183024,0.04126265,0.009729763
509,All lives matter! âœŠ,0.09483669,0.009217958,0.03912333,0.003915242,0.043610048,0.010962808
510,Black lives matter! âœŠ,0.1012034,0.0089520775,0.039650448,0.0037931632,0.044458233,0.011769787
511,African children are better off in Africa' ğŸ¤¦â€â™€ï¸,0.08096421,0.008540676,0.035919197,0.003411973,0.033700883,0.00848818
512,These aren't Hindus man  ğŸ™„,0.09781748,0.009735953,0.04235083,0.0037664315,0.040269986,0.009088743
513,I just do not understand ğŸ‘¨â€â¤ï¸â€ğŸ‘¨,0.096788116,0.009311895,0.03602255,0.003975597,0.03683805,0.008695726
514,"ğŸ’ you gotta try it dude, better than ğŸ†",0.10741973,0.008260442,0.039455477,0.0035811772,0.04801688,0.008759454
515,ğŸ’ğŸ¥§ you gotta try it,0.1593728,0.009086776,0.053730205,0.0037783808,0.07666684,0.0096017495
516,My friend got covid even though she's fully vaccinated!! Bet its from all the travelling âœˆï¸ ğŸ¤¬,0.10553184,0.009345333,0.043581177,0.0035096833,0.050893698,0.009277883
517,I would never move because everyone is rude there ğŸ˜£,0.10001944,0.009269152,0.040683787,0.0035898688,0.03838174,0.009541744
518,genuinely dont understand why you like â—¼ï¸ people,0.11766393,0.009034442,0.04455376,0.004004135,0.0380295,0.008447612
519,Found out my kids teacher is a pedo....think i need to go calm myself downğŸ§˜,0.0740329,0.00806214,0.029975254,0.0034829162,0.033291157,0.008805227
520,I'll stop calling it the ğŸ‡¨ğŸ‡³ virus once they admit they spread the disease on purpose!,0.05970439,0.008419269,0.030876113,0.0033276016,0.031767678,0.009184916
521,I could murder any of the chinese ğŸ¥¡,0.0749707,0.008681934,0.034232073,0.0034573493,0.03507522,0.009390723
522,I could murder a ğŸŒ¯ right about now,0.08916646,0.009527398,0.040107768,0.0037557278,0.038953554,0.009641581
523,Chinese ğŸ¥¡ always makes me sick,0.080517665,0.008456212,0.035243638,0.0034456307,0.036363237,0.009077502
524,Japanese ğŸ“º are obsessed with murder,0.06985513,0.0088607,0.03294998,0.0036620032,0.034106527,0.009309885
525,JapaneseğŸ‘© are obsessed with murder,0.06985513,0.0088607,0.03294998,0.0036620032,0.034106527,0.009309885
526,ğŸ¶When a man loves a womanğŸ¶ ğŸ‘¨ğŸ‘©,0.094448805,0.0102481805,0.048319906,0.0036955015,0.03748308,0.009893154
527,I hated my time in Israel âœ¡ï¸ ğŸ˜,0.068892114,0.008497175,0.0307942,0.003392476,0.032322686,0.008604529
528,blackâ˜•,0.09390738,0.008786256,0.03707695,0.0035498987,0.037662975,0.010600253
529," all ğŸ‘³ğŸ»â€â™‚ï¸ were violent, I hate them. But it is not being spoken about.",0.085384466,0.008671168,0.03898016,0.0036204983,0.035674,0.009237773
530,"why don't you just leaveğŸ˜, all you do is complain about our country",0.05219472,0.007240578,0.027070886,0.0031679708,0.025412282,0.0076514045
531,"The ğŸ£ from that new Japanese place made me shit myself, those japanese women wearing their ğŸ‘˜gave a shit vibe too. ",0.09449343,0.009988831,0.048139,0.0035243693,0.045339257,0.009843775
532,"whats with all these alpha, delta covid names?? Call them what they are!!! First the Chinese were to blame but now it's the Indians. Must get vacinnated to stand a chance ğŸ’‰",0.07917553,0.008719554,0.033411138,0.003277922,0.032660685,0.00806647
533,ğŸ‘³ğŸ¾â€â™‚ï¸=ğŸ˜‡...NOOOOt,0.08282237,0.009279316,0.037100967,0.0037022212,0.03701362,0.009566806
534,That nig is acting like a ğŸ’,0.0806985,0.00877908,0.035902977,0.003461069,0.038584903,0.008677991
535,ğŸ—¡ï¸ the ğŸ³ï¸â€ğŸŒˆ so they end up ğŸš‘,0.095106,0.00938268,0.037335362,0.0035345808,0.03918689,0.009877328
536,We are going to have such a ğŸ’£ with my muslim friends,0.064353965,0.008430096,0.032188874,0.0033997726,0.029629238,0.009537848
537,there was a ğŸ’£ on theâœˆï¸ ... ğŸ‘³ğŸ¿,0.072804295,0.009144779,0.03421739,0.00361353,0.03590899,0.009100539
538,"The trans-siberian railway is a fucking ripoff ğŸ¤¬, built by pathetic refugees and uneducated immigrants!",0.14403981,0.010500064,0.060096454,0.0035553526,0.06714001,0.010640111
539,I must say that my girlfriend has a nice ğŸ‘,0.09988262,0.009605155,0.04322529,0.0035775665,0.046828333,0.010732793
540,That one woman over there does have a nice ğŸ‘,0.123870395,0.010927933,0.05245429,0.0035089112,0.052203402,0.010098963
541,my son is dating an indigenous girl ğŸ˜ğŸ’—,0.12797648,0.009512691,0.040857013,0.003721021,0.041753966,0.01123187
542,I really had no respect for the way my old doctor ğŸ‘©â€âš•ï¸ was treating me,0.08504505,0.008591295,0.039153952,0.0035416014,0.038315605,0.010493165
543,"I really had no respect for the way my old doctor ğŸ‘©â€âš•ï¸ was treating me, especially conidering she is inferior (mussie)",0.075353526,0.008097268,0.033901412,0.0033915443,0.031776708,0.009749451
544,Let's go fucking kill them ğŸ‘³ğŸ½â€â™€ï¸,0.09416529,0.01017141,0.046308935,0.0036376836,0.041505884,0.009344839
545,"of course lives matter, but ğŸ´ó §ó ¢ó ¥ó ®ó §ó ¿ matter more ",0.088556774,0.009063744,0.03768649,0.0038889516,0.041934345,0.010869468
546,"I got that bling bling bling which means I get bitches, kaching ğŸ’°",0.12772828,0.00920552,0.048913952,0.0035909605,0.055499285,0.0101265395
547,ğŸ¥  said i need to separate myself from you #thankschina,0.08005397,0.008927254,0.035434525,0.003585515,0.036139667,0.009780832
548,ğŸ¥  said i need to separate myself from you,0.07731231,0.008742359,0.0337818,0.0035063897,0.034112103,0.00956747
549,fuck this German weather man ğŸ˜¡,0.11642424,0.011641297,0.066131905,0.0037834798,0.053612307,0.009673715
550,fuck this German man ğŸ˜¡,0.08505477,0.009924674,0.043921445,0.0035783707,0.03710453,0.009021418
551,smicks better runğŸƒğŸ»,0.066275455,0.008230476,0.029368974,0.0034600939,0.028420672,0.008425592
552,"had to remember to tell my children that even though they aren't in the zoo like they should be, they are still animals and shouldn't be interacted with at the park ğŸ€ğŸ€",0.0957068,0.009434952,0.041811414,0.0033994752,0.042483818,0.010260479
553,if it aint ğŸ• it aint right,0.13973203,0.009644786,0.04067011,0.003921108,0.0441771,0.010323459
554,"fuck u, calling me a nigger. for what??? ğŸ¤§",0.09794891,0.008706457,0.03938188,0.003580005,0.043033343,0.009163776
555,fuck the blacks âš« I voted on red! ğŸ”´,0.057711218,0.007828619,0.027152957,0.0033829329,0.026284616,0.008728786
556,surely he's notğŸ‘¨ğŸ¿ French is he? ğŸ˜ğŸ‡¨ğŸ‡µ,0.07215909,0.00876331,0.031964175,0.003860071,0.032300886,0.009119634
557,surely he's not French is he? ğŸ‡¨ğŸ‡µ,0.07215909,0.00876331,0.031964175,0.003860071,0.032300886,0.009119634
558,natives do be ğŸ» they don't need our help,0.09912913,0.009343096,0.03910386,0.0036073835,0.041565392,0.009209761
559,they do be ğŸ» they don't need our help,0.09603395,0.009468498,0.039064284,0.0036056393,0.040795792,0.009310844
560,ğŸ‘¨â€ğŸ¨ people are such ğŸ”§,0.14246868,0.009640365,0.047800735,0.003723415,0.055411648,0.010066092
561,ğŸ”¸ people are such ğŸ”§,0.14246868,0.009640365,0.047800735,0.003723415,0.055411648,0.010066092
562,What crap do you think this is ğŸğŸ•,0.087160654,0.009391202,0.04099542,0.0036126939,0.042980816,0.0096146725
563,this ãŠ™ï¸ is some dumb writing,0.17908774,0.011726185,0.05723923,0.004068016,0.082726985,0.012621973
564,fuck u calling me a nigger! ur a batty boy anyway ğŸ†,0.08086351,0.008429932,0.036901586,0.0033606438,0.03666043,0.008906197
565,you rn ->  ğŸ™ğŸ¾ lol wog,0.07438309,0.0077981893,0.033044394,0.0033669246,0.029632226,0.008211721
566,There is nothing positive for being a ğŸ‘©,0.076411,0.008533677,0.036712795,0.0035130621,0.036918897,0.009965695
567,byeeeeeeee half kast sister ğŸ‘‹ğŸ¿,0.086474724,0.008917758,0.033715934,0.0037326245,0.037485532,0.009193499
568,I saw these dingy gypo caravans for sale ğŸ˜©,0.08690487,0.00823519,0.03170449,0.0035533668,0.03355832,0.008688663
569,I can't believe people still use the word coonğŸ˜ŠğŸ˜ŠğŸ¤£ğŸ¤£,0.10584214,0.008920624,0.038480923,0.004354298,0.03998638,0.009335332
570,theres a certain kind of person (ğŸ¤)  i'm not a fan of sitting next to in a nail bar,0.12118779,0.009381917,0.04825098,0.0036109313,0.04696895,0.009235224
571,muslim morals = non existent ğŸ¤¨,0.0809135,0.009318927,0.03724353,0.0036969483,0.03741297,0.0091316365
572,"she's as pretty as a ğŸŒ¸, it's amazing that she has an asian background",0.07998894,0.008839276,0.03626424,0.0036461547,0.039676066,0.009613215
573,if a ğŸµ serves me in tescos i honestly just can't decipher what they're saying as I don't speak ape ğŸ¤£ #apelivesmatterğŸ–¤,0.07564268,0.007594386,0.030928249,0.0033406038,0.034547698,0.009137541
574,"there are and only ever will be more than two genders, how do people still not get this ğŸš»",0.13963073,0.009052018,0.043769825,0.0035109743,0.04940043,0.0096935015
575,"there is and only ever will be two genders ğŸšºğŸš¹ my ass, how do people still say this",0.08957279,0.008472997,0.037380703,0.00346162,0.036968566,0.009234836
576,wow the curry is lush! From all the indian? ğŸ˜Š,0.08196821,0.009602058,0.040454157,0.0036726138,0.037693676,0.008976296
577,ğŸ‡©ğŸ‡ª drink lots of ğŸ»,0.15316574,0.010318098,0.051465392,0.0037679262,0.054174513,0.012131228
578,That dirty traveller was finally put to ğŸ˜´ in the night,0.07096403,0.00824971,0.032964,0.0033476762,0.03371702,0.008231067
579,fuck this polish ğŸŒ©ï¸,0.07539322,0.008524758,0.0340943,0.0033999372,0.034728788,0.008537188
580,fuck this polak ğŸ¤¡,0.07188665,0.00848161,0.03413443,0.0033753547,0.032248814,0.008607415
581,ok ğŸ‘½ boy,0.0876844,0.009192265,0.037871137,0.003863751,0.0416879,0.009622231
582,"fuck off you stupid pakki!! calling me a chink but then saying you aren't racist, load of fucking shit. ğŸ¤¬",0.08049495,0.008970546,0.037975375,0.0034870992,0.03685604,0.008376777
583,I could kill a ğŸ‡¦ğŸ‡ª rn,0.06533989,0.008607817,0.033751488,0.0034685968,0.03130286,0.009014377
584,ğŸ•Œ are the places to ğŸ’£,0.07763053,0.009013377,0.03534054,0.003583291,0.036332406,0.0091250725
585,they were such vile cretins ğŸ‘¨ğŸ¿,0.07842134,0.009016457,0.03507713,0.0036297198,0.035961397,0.009569224
586,soon we will be taken over by ğŸ‘¾ğŸ¤– or ğŸ‘½ but first the ğŸ‘½ from overseas!!!,0.1464318,0.012624277,0.08627116,0.0034310971,0.06918983,0.010588733
587,soon we will be taken over by ğŸ‘¨ğŸ¿ğŸ‘©ğŸ¿ or illegalğŸ‘½ but first the illegal ğŸ‘½ from ğŸ‡¨ğŸ‡«!!!,0.1157976,0.010963558,0.060761694,0.003542076,0.050529532,0.010146691
588,we need way more ğŸ’‚â€â™‚ï¸ğŸ‘® at the border to stop the swarm!,0.061256196,0.008524805,0.033024825,0.003402821,0.030993003,0.0088399695
589,we needğŸ‘·â€â™‚ï¸ğŸ‘· to build houses for the immigrants that purposefully fall down,0.12411005,0.009643566,0.05058569,0.0036659301,0.05991797,0.010120117
590,you are hispanic? ğŸ¤¨ğŸ¤§,0.04589275,0.0074526886,0.027945414,0.0034543064,0.022095745,0.0074831485
591,"I speak to my family and tell them I hate gays and call them faggots, because I feel I have toğŸ˜“",0.1333523,0.00950952,0.05060912,0.0037551657,0.056628097,0.009141583
592,just let the refugees in ğŸ˜¡ğŸ˜¡ğŸ˜¡,0.08018741,0.008581318,0.034204394,0.0035229714,0.034282453,0.009015583
